{
  "snr": {
    "mean": 10.222330540678819,
    "std": 4.595665293869165,
    "median": 11.545957922314582,
    "min": -2.6346285818041353,
    "max": 17.553196323817424,
    "count": 100.0
  },
  "sdr": {
    "mean": 10.222330540678819,
    "std": 4.595665293869165,
    "median": 11.545957922314582,
    "min": -2.6346285818041353,
    "max": 17.553196323817424,
    "count": 100.0
  },
  "lsd": {
    "mean": 1.8099196664566393,
    "std": 1.043270366165307,
    "median": 1.4959857475237692,
    "min": 0.8597186008542121,
    "max": 6.057522647703548,
    "count": 100.0
  },
  "spectral_convergence": {
    "mean": 0.2977418899536133,
    "std": 0.18970133364200592,
    "median": 0.22942334413528442,
    "min": 0.10684897750616074,
    "max": 1.0408742427825928,
    "count": 100.0
  },
  "correlation": {
    "mean": 0.9174919724464417,
    "std": 0.10712672024965286,
    "median": 0.9669201374053955,
    "min": 0.36465659737586975,
    "max": 0.9911826848983765,
    "count": 100.0
  }
}